triplet;kappa;theta;sigma;rho;price;err;exec_time
0;0.5000;0.0500;0.1000;-0.9500;0.117573;0.001684;1.34
1;0.5000;0.0500;0.1200;-0.9500;0.116865;0.001650;1.34
2;0.5000;0.0500;0.1400;-0.9500;0.114773;0.001598;1.34
3;0.5000;0.0500;0.1600;-0.9500;0.116174;0.001585;1.34
4;0.5000;0.0500;0.1800;-0.9500;0.116258;0.001565;1.34
5;0.5000;0.0500;0.2000;-0.9500;0.115938;0.001531;1.34
6;0.5000;0.0500;0.2200;-0.9500;0.114310;0.001495;1.34
7;0.5000;0.0500;0.2400;-0.9500;0.114958;0.001474;1.34
8;0.5000;0.0500;0.2600;-0.9500;0.113629;0.001445;1.34
9;0.5000;0.0500;0.2800;-0.9500;0.112547;0.001412;1.34
10;0.5000;0.0600;0.1000;-0.9500;0.117666;0.001692;1.34
11;0.5000;0.0600;0.1200;-0.9500;0.118421;0.001676;1.34
12;0.5000;0.0600;0.1400;-0.9500;0.117325;0.001637;1.34
13;0.5000;0.0600;0.1600;-0.9500;0.117704;0.001619;1.34
14;0.5000;0.0600;0.1800;-0.9500;0.116346;0.001576;1.34
15;0.5000;0.0600;0.2000;-0.9500;0.117087;0.001559;1.34
16;0.5000;0.0600;0.2200;-0.9500;0.115883;0.001523;1.34
17;0.5000;0.0600;0.2400;-0.9500;0.115805;0.001498;1.34
18;0.5000;0.0600;0.2600;-0.9500;0.115038;0.001472;1.34
19;0.5000;0.0600;0.2800;-0.9500;0.114481;0.001440;1.34
20;0.5000;0.0700;0.1000;-0.9500;0.120047;0.001723;1.34
21;0.5000;0.0700;0.1200;-0.9500;0.119955;0.001706;1.34
22;0.5000;0.0700;0.1400;-0.9500;0.120103;0.001675;1.34
23;0.5000;0.0700;0.1600;-0.9500;0.119370;0.001640;1.34
24;0.5000;0.0700;0.1800;-0.9500;0.118251;0.001602;1.34
25;0.5000;0.0700;0.2000;-0.9500;0.118035;0.001580;1.34
26;0.5000;0.0700;0.2200;-0.9500;0.117783;0.001555;1.34
27;0.5000;0.0700;0.2400;-0.9500;0.117000;0.001521;1.34
28;0.5000;0.0700;0.2600;-0.9500;0.115853;0.001491;1.34
29;0.5000;0.0700;0.2800;-0.9500;0.115191;0.001465;1.34
30;0.5000;0.0800;0.1000;-0.9500;0.121328;0.001748;1.34
31;0.5000;0.0800;0.1200;-0.9500;0.121080;0.001720;1.34
32;0.5000;0.0800;0.1400;-0.9500;0.120746;0.001695;1.34
33;0.5000;0.0800;0.1600;-0.9500;0.119466;0.001656;1.34
34;0.5000;0.0800;0.1800;-0.9500;0.118759;0.001626;1.34
35;0.5000;0.0800;0.2000;-0.9500;0.118827;0.001601;1.34
36;0.5000;0.0800;0.2200;-0.9500;0.119342;0.001582;1.34
37;0.5000;0.0800;0.2400;-0.9500;0.119155;0.001551;1.34
38;0.5000;0.0800;0.2600;-0.9500;0.116739;0.001507;1.34
39;0.5000;0.0800;0.2800;-0.9500;0.116382;0.001487;1.34
40;0.5000;0.0900;0.1000;-0.9500;0.122561;0.001777;1.34
41;0.5000;0.0900;0.1200;-0.9500;0.121781;0.001739;1.34
42;0.5000;0.0900;0.1400;-0.9500;0.123105;0.001724;1.34
43;0.5000;0.0900;0.1600;-0.9500;0.121121;0.001682;1.34
44;0.5000;0.0900;0.1800;-0.9500;0.120589;0.001653;1.34
45;0.5000;0.0900;0.2000;-0.9500;0.120475;0.001624;1.34
46;0.5000;0.0900;0.2200;-0.9500;0.119786;0.001594;1.34
47;0.5000;0.0900;0.2400;-0.9500;0.119071;0.001571;1.34
48;0.5000;0.0900;0.2600;-0.9500;0.119022;0.001543;1.34
49;0.5000;0.0900;0.2800;-0.9500;0.118116;0.001511;1.34
50;0.5000;0.1000;0.1000;-0.9500;0.124363;0.001812;1.34
51;0.5000;0.1000;0.1200;-0.9500;0.123637;0.001767;1.34
52;0.5000;0.1000;0.1400;-0.9500;0.124147;0.001753;1.34
53;0.5000;0.1000;0.1600;-0.9500;0.122618;0.001708;1.34
54;0.5000;0.1000;0.1800;-0.9500;0.124286;0.001700;1.34
55;0.5000;0.1000;0.2000;-0.9500;0.122755;0.001659;1.34
56;0.5000;0.1000;0.2200;-0.9500;0.122136;0.001628;1.34
57;0.5000;0.1000;0.2400;-0.9500;0.120206;0.001590;1.34
58;0.5000;0.1000;0.2600;-0.9500;0.120729;0.001568;1.34
59;0.5000;0.1000;0.2800;-0.9500;0.120014;0.001541;1.34
60;0.5000;0.1100;0.1000;-0.9500;0.124605;0.001815;1.34
61;0.5000;0.1100;0.1200;-0.9500;0.125128;0.001787;1.34
62;0.5000;0.1100;0.1400;-0.9500;0.124891;0.001772;1.34
63;0.5000;0.1100;0.1600;-0.9500;0.123690;0.001724;1.34
64;0.5000;0.1100;0.1800;-0.9500;0.123495;0.001701;1.34
65;0.5000;0.1100;0.2000;-0.9500;0.122963;0.001673;1.34
66;0.5000;0.1100;0.2200;-0.9500;0.122036;0.001643;1.34
67;0.5000;0.1100;0.2400;-0.9500;0.122458;0.001618;1.34
68;0.5000;0.1100;0.2600;-0.9500;0.121220;0.001589;1.34
69;0.5000;0.1100;0.2800;-0.9500;0.121084;0.001564;1.34
70;0.5000;0.1200;0.1000;-0.9500;0.127582;0.001863;1.34
71;0.5000;0.1200;0.1200;-0.9500;0.128385;0.001841;1.34
72;0.5000;0.1200;0.1400;-0.9500;0.126483;0.001796;1.34
73;0.5000;0.1200;0.1600;-0.9500;0.125533;0.001757;1.34
74;0.5000;0.1200;0.1800;-0.9500;0.125846;0.001735;1.34
75;0.5000;0.1200;0.2000;-0.9500;0.124454;0.001697;1.34
76;0.5000;0.1200;0.2200;-0.9500;0.124034;0.001668;1.34
77;0.5000;0.1200;0.2400;-0.9500;0.123220;0.001635;1.34
78;0.5000;0.1200;0.2600;-0.9500;0.123527;0.001619;1.34
79;0.5000;0.1200;0.2800;-0.9500;0.122431;0.001583;1.34
80;0.5000;0.1300;0.1000;-0.9500;0.127758;0.001865;1.34
81;0.5000;0.1300;0.1200;-0.9500;0.127047;0.001837;1.34
82;0.5000;0.1300;0.1400;-0.9500;0.127809;0.001813;1.34
83;0.5000;0.1300;0.1600;-0.9500;0.126145;0.001777;1.34
84;0.5000;0.1300;0.1800;-0.9500;0.126210;0.001754;1.34
85;0.5000;0.1300;0.2000;-0.9500;0.124868;0.001711;1.34
86;0.5000;0.1300;0.2200;-0.9500;0.125617;0.001697;1.34
87;0.5000;0.1300;0.2400;-0.9500;0.124698;0.001664;1.34
88;0.5000;0.1300;0.2600;-0.9500;0.125535;0.001649;1.34
89;0.5000;0.1300;0.2800;-0.9500;0.124537;0.001617;1.34
90;0.5000;0.1400;0.1000;-0.9500;0.129666;0.001900;1.34
91;0.5000;0.1400;0.1200;-0.9500;0.130198;0.001879;1.34
92;0.5000;0.1400;0.1400;-0.9500;0.128506;0.001831;1.34
93;0.5000;0.1400;0.1600;-0.9500;0.127348;0.001796;1.34
94;0.5000;0.1400;0.1800;-0.9500;0.129308;0.001790;1.34
95;0.5000;0.1400;0.2000;-0.9500;0.126273;0.001734;1.34
96;0.5000;0.1400;0.2200;-0.9500;0.125201;0.001705;1.34
97;0.5000;0.1400;0.2400;-0.9500;0.125650;0.001683;1.34
98;0.5000;0.1400;0.2600;-0.9500;0.126028;0.001666;1.34
99;0.5000;0.1400;0.2800;-0.9500;0.124588;0.001628;1.34
100;0.7500;0.0500;0.1000;-0.8500;0.114911;0.001659;1.34
101;0.7500;0.0500;0.1200;-0.8500;0.114621;0.001635;1.34
102;0.7500;0.0500;0.1400;-0.8500;0.114816;0.001615;1.34
103;0.7500;0.0500;0.1600;-0.8500;0.113419;0.001573;1.34
104;0.7500;0.0500;0.1800;-0.8500;0.113532;0.001560;1.34
105;0.7500;0.0500;0.2000;-0.8500;0.112201;0.001532;1.34
106;0.7500;0.0500;0.2200;-0.8500;0.111086;0.001498;1.34
107;0.7500;0.0500;0.2400;-0.8500;0.112920;0.001495;1.34
108;0.7500;0.0500;0.2600;-0.8500;0.110770;0.001459;1.34
109;0.7500;0.0500;0.2800;-0.8500;0.110665;0.001439;1.34
110;0.7500;0.0600;0.1000;-0.8500;0.116298;0.001692;1.34
111;0.7500;0.0600;0.1200;-0.8500;0.116154;0.001665;1.34
112;0.7500;0.0600;0.1400;-0.8500;0.115382;0.001633;1.34
113;0.7500;0.0600;0.1600;-0.8500;0.114693;0.001613;1.34
114;0.7500;0.0600;0.1800;-0.8500;0.115304;0.001594;1.34
115;0.7500;0.0600;0.2000;-0.8500;0.114083;0.001561;1.34
116;0.7500;0.0600;0.2200;-0.8500;0.113530;0.001538;1.34
117;0.7500;0.0600;0.2400;-0.8500;0.114037;0.001523;1.34
118;0.7500;0.0600;0.2600;-0.8500;0.112181;0.001489;1.34
119;0.7500;0.0600;0.2800;-0.8500;0.112409;0.001473;1.34
120;0.7500;0.0700;0.1000;-0.8500;0.119940;0.001745;1.34
121;0.7500;0.0700;0.1200;-0.8500;0.119448;0.001718;1.34
122;0.7500;0.0700;0.1400;-0.8500;0.118074;0.001677;1.34
123;0.7500;0.0700;0.1600;-0.8500;0.117507;0.001645;1.34
124;0.7500;0.0700;0.1800;-0.8500;0.117493;0.001632;1.34
125;0.7500;0.0700;0.2000;-0.8500;0.117583;0.001613;1.34
126;0.7500;0.0700;0.2200;-0.8500;0.116071;0.001578;1.34
127;0.7500;0.0700;0.2400;-0.8500;0.116211;0.001558;1.34
128;0.7500;0.0700;0.2600;-0.8500;0.115853;0.001540;1.34
129;0.7500;0.0700;0.2800;-0.8500;0.113815;0.001506;1.34
130;0.7500;0.0800;0.1000;-0.8500;0.120242;0.001759;1.34
131;0.7500;0.0800;0.1200;-0.8500;0.119482;0.001733;1.34
132;0.7500;0.0800;0.1400;-0.8500;0.119130;0.001706;1.34
133;0.7500;0.0800;0.1600;-0.8500;0.120491;0.001697;1.34
134;0.7500;0.0800;0.1800;-0.8500;0.118706;0.001655;1.34
135;0.7500;0.0800;0.2000;-0.8500;0.118522;0.001636;1.34
136;0.7500;0.0800;0.2200;-0.8500;0.118559;0.001622;1.34
137;0.7500;0.0800;0.2400;-0.8500;0.118004;0.001592;1.34
138;0.7500;0.0800;0.2600;-0.8500;0.116549;0.001562;1.34
139;0.7500;0.0800;0.2800;-0.8500;0.116605;0.001546;1.34
140;0.7500;0.0900;0.1000;-0.8500;0.122318;0.001791;1.34
141;0.7500;0.0900;0.1200;-0.8500;0.121977;0.001772;1.34
142;0.7500;0.0900;0.1400;-0.8500;0.122234;0.001751;1.34
143;0.7500;0.0900;0.1600;-0.8500;0.122180;0.001725;1.34
144;0.7500;0.0900;0.1800;-0.8500;0.120508;0.001691;1.34
145;0.7500;0.0900;0.2000;-0.8500;0.120860;0.001681;1.34
146;0.7500;0.0900;0.2200;-0.8500;0.120035;0.001647;1.34
147;0.7500;0.0900;0.2400;-0.8500;0.120617;0.001630;1.34
148;0.7500;0.0900;0.2600;-0.8500;0.119126;0.001597;1.34
149;0.7500;0.0900;0.2800;-0.8500;0.119193;0.001580;1.34
150;0.7500;0.1000;0.1000;-0.8500;0.123949;0.001826;1.34
151;0.7500;0.1000;0.1200;-0.8500;0.126512;0.001834;1.34
152;0.7500;0.1000;0.1400;-0.8500;0.124686;0.001787;1.34
153;0.7500;0.1000;0.1600;-0.8500;0.122627;0.001743;1.34
154;0.7500;0.1000;0.1800;-0.8500;0.122575;0.001723;1.34
155;0.7500;0.1000;0.2000;-0.8500;0.121838;0.001701;1.34
156;0.7500;0.1000;0.2200;-0.8500;0.122019;0.001678;1.34
157;0.7500;0.1000;0.2400;-0.8500;0.121207;0.001655;1.34
158;0.7500;0.1000;0.2600;-0.8500;0.121822;0.001640;1.34
159;0.7500;0.1000;0.2800;-0.8500;0.119858;0.001605;1.34
160;0.7500;0.1100;0.1000;-0.8500;0.126429;0.001861;1.34
161;0.7500;0.1100;0.1200;-0.8500;0.125396;0.001830;1.34
162;0.7500;0.1100;0.1400;-0.8500;0.125617;0.001812;1.34
163;0.7500;0.1100;0.1600;-0.8500;0.125914;0.001794;1.34
164;0.7500;0.1100;0.1800;-0.8500;0.126026;0.001776;1.34
165;0.7500;0.1100;0.2000;-0.8500;0.123411;0.001733;1.34
166;0.7500;0.1100;0.2200;-0.8500;0.122754;0.001694;1.34
167;0.7500;0.1100;0.2400;-0.8500;0.122348;0.001682;1.34
168;0.7500;0.1100;0.2600;-0.8500;0.121947;0.001657;1.34
169;0.7500;0.1100;0.2800;-0.8500;0.122459;0.001649;1.34
170;0.7500;0.1200;0.1000;-0.8500;0.126829;0.001880;1.34
171;0.7500;0.1200;0.1200;-0.8500;0.129449;0.001891;1.34
172;0.7500;0.1200;0.1400;-0.8500;0.127220;0.001848;1.34
173;0.7500;0.1200;0.1600;-0.8500;0.127354;0.001816;1.34
174;0.7500;0.1200;0.1800;-0.8500;0.128152;0.001809;1.34
175;0.7500;0.1200;0.2000;-0.8500;0.124725;0.001753;1.34
176;0.7500;0.1200;0.2200;-0.8500;0.124838;0.001739;1.34
177;0.7500;0.1200;0.2400;-0.8500;0.125376;0.001724;1.34
178;0.7500;0.1200;0.2600;-0.8500;0.124116;0.001691;1.34
179;0.7500;0.1200;0.2800;-0.8500;0.122905;0.001663;1.34
180;0.7500;0.1300;0.1000;-0.8500;0.131288;0.001940;1.34
181;0.7500;0.1300;0.1200;-0.8500;0.128899;0.001896;1.34
182;0.7500;0.1300;0.1400;-0.8500;0.129184;0.001878;1.34
183;0.7500;0.1300;0.1600;-0.8500;0.128910;0.001849;1.34
184;0.7500;0.1300;0.1800;-0.8500;0.127877;0.001823;1.34
185;0.7500;0.1300;0.2000;-0.8500;0.128472;0.001807;1.34
186;0.7500;0.1300;0.2200;-0.8500;0.128459;0.001793;1.34
187;0.7500;0.1300;0.2400;-0.8500;0.127737;0.001763;1.34
188;0.7500;0.1300;0.2600;-0.8500;0.127202;0.001735;1.34
189;0.7500;0.1300;0.2800;-0.8500;0.127352;0.001721;1.34
190;0.7500;0.1400;0.1000;-0.8500;0.131850;0.001960;1.34
191;0.7500;0.1400;0.1200;-0.8500;0.130762;0.001928;1.34
192;0.7500;0.1400;0.1400;-0.8500;0.130431;0.001909;1.34
193;0.7500;0.1400;0.1600;-0.8500;0.129824;0.001876;1.34
194;0.7500;0.1400;0.1800;-0.8500;0.129145;0.001847;1.34
195;0.7500;0.1400;0.2000;-0.8500;0.130289;0.001838;1.34
196;0.7500;0.1400;0.2200;-0.8500;0.130576;0.001822;1.34
197;0.7500;0.1400;0.2400;-0.8500;0.128269;0.001779;1.34
198;0.7500;0.1400;0.2600;-0.8500;0.127560;0.001753;1.34
199;0.7500;0.1400;0.2800;-0.8500;0.126007;0.001721;1.34
200;1.0000;0.0500;0.1000;-0.7500;0.111438;0.001632;1.34
201;1.0000;0.0500;0.1200;-0.7500;0.112767;0.001628;1.34
202;1.0000;0.0500;0.1400;-0.7500;0.113141;0.001611;1.34
203;1.0000;0.0500;0.1600;-0.7500;0.112302;0.001583;1.34
204;1.0000;0.0500;0.1800;-0.7500;0.111670;0.001563;1.34
205;1.0000;0.0500;0.2000;-0.7500;0.111550;0.001548;1.34
206;1.0000;0.0500;0.2200;-0.7500;0.110433;0.001521;1.34
207;1.0000;0.0500;0.2400;-0.7500;0.110892;0.001508;1.34
208;1.0000;0.0500;0.2600;-0.7500;0.109246;0.001476;1.34
209;1.0000;0.0500;0.2800;-0.7500;0.109169;0.001462;1.34
210;1.0000;0.0600;0.1000;-0.7500;0.115139;0.001683;1.34
211;1.0000;0.0600;0.1200;-0.7500;0.114728;0.001660;1.34
212;1.0000;0.0600;0.1400;-0.7500;0.114025;0.001636;1.34
213;1.0000;0.0600;0.1600;-0.7500;0.113450;0.001610;1.34
214;1.0000;0.0600;0.1800;-0.7500;0.114257;0.001608;1.34
215;1.0000;0.0600;0.2000;-0.7500;0.112670;0.001578;1.34
216;1.0000;0.0600;0.2200;-0.7500;0.112332;0.001553;1.34
217;1.0000;0.0600;0.2400;-0.7500;0.112748;0.001547;1.34
218;1.0000;0.0600;0.2600;-0.7500;0.112645;0.001531;1.34
219;1.0000;0.0600;0.2800;-0.7500;0.111567;0.001505;1.34
220;1.0000;0.0700;0.1000;-0.7500;0.117897;0.001730;1.34
221;1.0000;0.0700;0.1200;-0.7500;0.117117;0.001705;1.34
222;1.0000;0.0700;0.1400;-0.7500;0.117393;0.001697;1.34
223;1.0000;0.0700;0.1600;-0.7500;0.117116;0.001669;1.34
224;1.0000;0.0700;0.1800;-0.7500;0.116680;0.001651;1.34
225;1.0000;0.0700;0.2000;-0.7500;0.115588;0.001621;1.34
226;1.0000;0.0700;0.2200;-0.7500;0.114971;0.001601;1.34
227;1.0000;0.0700;0.2400;-0.7500;0.114574;0.001588;1.34
228;1.0000;0.0700;0.2600;-0.7500;0.115766;0.001583;1.34
229;1.0000;0.0700;0.2800;-0.7500;0.115458;0.001560;1.34
230;1.0000;0.0800;0.1000;-0.7500;0.120057;0.001777;1.34
231;1.0000;0.0800;0.1200;-0.7500;0.120455;0.001760;1.34
232;1.0000;0.0800;0.1400;-0.7500;0.119597;0.001734;1.34
233;1.0000;0.0800;0.1600;-0.7500;0.117606;0.001699;1.34
234;1.0000;0.0800;0.1800;-0.7500;0.118500;0.001686;1.34
235;1.0000;0.0800;0.2000;-0.7500;0.118165;0.001671;1.34
236;1.0000;0.0800;0.2200;-0.7500;0.117711;0.001640;1.34
237;1.0000;0.0800;0.2400;-0.7500;0.117810;0.001631;1.34
238;1.0000;0.0800;0.2600;-0.7500;0.117653;0.001619;1.34
239;1.0000;0.0800;0.2800;-0.7500;0.117206;0.001600;1.34
240;1.0000;0.0900;0.1000;-0.7500;0.121929;0.001812;1.34
241;1.0000;0.0900;0.1200;-0.7500;0.121290;0.001787;1.34
242;1.0000;0.0900;0.1400;-0.7500;0.119324;0.001748;1.34
243;1.0000;0.0900;0.1600;-0.7500;0.120678;0.001744;1.34
244;1.0000;0.0900;0.1800;-0.7500;0.119792;0.001723;1.34
245;1.0000;0.0900;0.2000;-0.7500;0.120729;0.001712;1.34
246;1.0000;0.0900;0.2200;-0.7500;0.120805;0.001694;1.34
247;1.0000;0.0900;0.2400;-0.7500;0.118734;0.001661;1.34
248;1.0000;0.0900;0.2600;-0.7500;0.119268;0.001647;1.34
249;1.0000;0.0900;0.2800;-0.7500;0.118358;0.001633;1.34
250;1.0000;0.1000;0.1000;-0.7500;0.123583;0.001843;1.34
251;1.0000;0.1000;0.1200;-0.7500;0.124365;0.001833;1.34
252;1.0000;0.1000;0.1400;-0.7500;0.124819;0.001818;1.34
253;1.0000;0.1000;0.1600;-0.7500;0.122823;0.001784;1.34
254;1.0000;0.1000;0.1800;-0.7500;0.122015;0.001762;1.34
255;1.0000;0.1000;0.2000;-0.7500;0.123695;0.001765;1.34
256;1.0000;0.1000;0.2200;-0.7500;0.122037;0.001728;1.34
257;1.0000;0.1000;0.2400;-0.7500;0.120564;0.001692;1.34
258;1.0000;0.1000;0.2600;-0.7500;0.121423;0.001687;1.34
259;1.0000;0.1000;0.2800;-0.7500;0.121652;0.001684;1.34
260;1.0000;0.1100;0.1000;-0.7500;0.126915;0.001895;1.34
261;1.0000;0.1100;0.1200;-0.7500;0.126281;0.001867;1.34
262;1.0000;0.1100;0.1400;-0.7500;0.125351;0.001842;1.34
263;1.0000;0.1100;0.1600;-0.7500;0.124826;0.001823;1.34
264;1.0000;0.1100;0.1800;-0.7500;0.125359;0.001806;1.34
265;1.0000;0.1100;0.2000;-0.7500;0.125784;0.001796;1.34
266;1.0000;0.1100;0.2200;-0.7500;0.123785;0.001762;1.34
267;1.0000;0.1100;0.2400;-0.7500;0.123978;0.001747;1.34
268;1.0000;0.1100;0.2600;-0.7500;0.123621;0.001735;1.34
269;1.0000;0.1100;0.2800;-0.7500;0.123913;0.001716;1.34
270;1.0000;0.1200;0.1000;-0.7500;0.128090;0.001926;1.34
271;1.0000;0.1200;0.1200;-0.7500;0.128972;0.001915;1.34
272;1.0000;0.1200;0.1400;-0.7500;0.128406;0.001890;1.34
273;1.0000;0.1200;0.1600;-0.7500;0.127643;0.001864;1.34
274;1.0000;0.1200;0.1800;-0.7500;0.128619;0.001856;1.34
275;1.0000;0.1200;0.2000;-0.7500;0.128451;0.001839;1.34
276;1.0000;0.1200;0.2200;-0.7500;0.126578;0.001805;1.34
277;1.0000;0.1200;0.2400;-0.7500;0.126381;0.001790;1.34
278;1.0000;0.1200;0.2600;-0.7500;0.124892;0.001757;1.34
279;1.0000;0.1200;0.2800;-0.7500;0.126758;0.001766;1.34
280;1.0000;0.1300;0.1000;-0.7500;0.131779;0.001985;1.34
281;1.0000;0.1300;0.1200;-0.7500;0.131308;0.001952;1.34
282;1.0000;0.1300;0.1400;-0.7500;0.129531;0.001919;1.34
283;1.0000;0.1300;0.1600;-0.7500;0.131251;0.001908;1.34
284;1.0000;0.1300;0.1800;-0.7500;0.131801;0.001908;1.34
285;1.0000;0.1300;0.2000;-0.7500;0.130088;0.001871;1.34
286;1.0000;0.1300;0.2200;-0.7500;0.130221;0.001854;1.34
287;1.0000;0.1300;0.2400;-0.7500;0.129272;0.001843;1.34
288;1.0000;0.1300;0.2600;-0.7500;0.127572;0.001809;1.34
289;1.0000;0.1300;0.2800;-0.7500;0.128562;0.001799;1.34
290;1.0000;0.1400;0.1000;-0.7500;0.132218;0.002017;1.34
291;1.0000;0.1400;0.1200;-0.7500;0.132823;0.001997;1.34
292;1.0000;0.1400;0.1400;-0.7500;0.132656;0.001969;1.34
293;1.0000;0.1400;0.1600;-0.7500;0.131220;0.001938;1.34
294;1.0000;0.1400;0.1800;-0.7500;0.131168;0.001916;1.34
295;1.0000;0.1400;0.2000;-0.7500;0.132411;0.001922;1.34
296;1.0000;0.1400;0.2200;-0.7500;0.132725;0.001903;1.34
297;1.0000;0.1400;0.2400;-0.7500;0.130516;0.001874;1.34
298;1.0000;0.1400;0.2600;-0.7500;0.131934;0.001859;1.34
299;1.0000;0.1400;0.2800;-0.7500;0.130133;0.001829;1.34
300;1.2500;0.0500;0.1000;-0.6500;0.110165;0.001620;1.34
301;1.2500;0.0500;0.1200;-0.6500;0.109640;0.001605;1.34
302;1.2500;0.0500;0.1400;-0.6500;0.110370;0.001592;1.34
303;1.2500;0.0500;0.1600;-0.6500;0.109539;0.001569;1.34
304;1.2500;0.0500;0.1800;-0.6500;0.109321;0.001556;1.34
305;1.2500;0.0500;0.2000;-0.6500;0.109073;0.001541;1.34
306;1.2500;0.0500;0.2200;-0.6500;0.107670;0.001520;1.34
307;1.2500;0.0500;0.2400;-0.6500;0.108101;0.001510;1.34
308;1.2500;0.0500;0.2600;-0.6500;0.108234;0.001493;1.34
309;1.2500;0.0500;0.2800;-0.6500;0.107187;0.001477;1.34
310;1.2500;0.0600;0.1000;-0.6500;0.113529;0.001677;1.34
311;1.2500;0.0600;0.1200;-0.6500;0.112701;0.001647;1.34
312;1.2500;0.0600;0.1400;-0.6500;0.114114;0.001653;1.34
313;1.2500;0.0600;0.1600;-0.6500;0.112637;0.001626;1.34
314;1.2500;0.0600;0.1800;-0.6500;0.111488;0.001599;1.34
315;1.2500;0.0600;0.2000;-0.6500;0.111498;0.001580;1.34
316;1.2500;0.0600;0.2200;-0.6500;0.111183;0.001572;1.34
317;1.2500;0.0600;0.2400;-0.6500;0.111223;0.001566;1.34
318;1.2500;0.0600;0.2600;-0.6500;0.109491;0.001533;1.34
319;1.2500;0.0600;0.2800;-0.6500;0.109966;0.001531;1.34
320;1.2500;0.0700;0.1000;-0.6500;0.116782;0.001735;1.34
321;1.2500;0.0700;0.1200;-0.6500;0.116035;0.001708;1.34
322;1.2500;0.0700;0.1400;-0.6500;0.115845;0.001691;1.34
323;1.2500;0.0700;0.1600;-0.6500;0.116112;0.001680;1.34
324;1.2500;0.0700;0.1800;-0.6500;0.115509;0.001663;1.34
325;1.2500;0.0700;0.2000;-0.6500;0.114109;0.001630;1.34
326;1.2500;0.0700;0.2200;-0.6500;0.114508;0.001621;1.34
327;1.2500;0.0700;0.2400;-0.6500;0.112744;0.001599;1.34
328;1.2500;0.0700;0.2600;-0.6500;0.113453;0.001599;1.34
329;1.2500;0.0700;0.2800;-0.6500;0.114431;0.001592;1.34
330;1.2500;0.0800;0.1000;-0.6500;0.118446;0.001768;1.34
331;1.2500;0.0800;0.1200;-0.6500;0.117655;0.001742;1.34
332;1.2500;0.0800;0.1400;-0.6500;0.118771;0.001732;1.34
333;1.2500;0.0800;0.1600;-0.6500;0.117624;0.001712;1.34
334;1.2500;0.0800;0.1800;-0.6500;0.118286;0.001711;1.34
335;1.2500;0.0800;0.2000;-0.6500;0.117448;0.001687;1.34
336;1.2500;0.0800;0.2200;-0.6500;0.116208;0.001667;1.34
337;1.2500;0.0800;0.2400;-0.6500;0.116932;0.001664;1.34
338;1.2500;0.0800;0.2600;-0.6500;0.116568;0.001648;1.34
339;1.2500;0.0800;0.2800;-0.6500;0.116065;0.001629;1.34
340;1.2500;0.0900;0.1000;-0.6500;0.121016;0.001806;1.34
341;1.2500;0.0900;0.1200;-0.6500;0.123311;0.001824;1.34
342;1.2500;0.0900;0.1400;-0.6500;0.121332;0.001790;1.34
343;1.2500;0.0900;0.1600;-0.6500;0.121889;0.001778;1.34
344;1.2500;0.0900;0.1800;-0.6500;0.120923;0.001759;1.34
345;1.2500;0.0900;0.2000;-0.6500;0.121238;0.001749;1.34
346;1.2500;0.0900;0.2200;-0.6500;0.118717;0.001716;1.34
347;1.2500;0.0900;0.2400;-0.6500;0.120307;0.001718;1.34
348;1.2500;0.0900;0.2600;-0.6500;0.119295;0.001691;1.34
349;1.2500;0.0900;0.2800;-0.6500;0.119266;0.001684;1.34
350;1.2500;0.1000;0.1000;-0.6500;0.125081;0.001875;1.34
351;1.2500;0.1000;0.1200;-0.6500;0.124461;0.001857;1.34
352;1.2500;0.1000;0.1400;-0.6500;0.123659;0.001829;1.34
353;1.2500;0.1000;0.1600;-0.6500;0.123482;0.001820;1.34
354;1.2500;0.1000;0.1800;-0.6500;0.123563;0.001809;1.34
355;1.2500;0.1000;0.2000;-0.6500;0.122013;0.001777;1.34
356;1.2500;0.1000;0.2200;-0.6500;0.122290;0.001773;1.34
357;1.2500;0.1000;0.2400;-0.6500;0.122551;0.001754;1.34
358;1.2500;0.1000;0.2600;-0.6500;0.122111;0.001735;1.34
359;1.2500;0.1000;0.2800;-0.6500;0.122628;0.001735;1.34
360;1.2500;0.1100;0.1000;-0.6500;0.127084;0.001918;1.34
361;1.2500;0.1100;0.1200;-0.6500;0.127225;0.001906;1.34
362;1.2500;0.1100;0.1400;-0.6500;0.126138;0.001885;1.34
363;1.2500;0.1100;0.1600;-0.6500;0.126691;0.001868;1.34
364;1.2500;0.1100;0.1800;-0.6500;0.125671;0.001853;1.34
365;1.2500;0.1100;0.2000;-0.6500;0.124757;0.001824;1.34
366;1.2500;0.1100;0.2200;-0.6500;0.126073;0.001831;1.34
367;1.2500;0.1100;0.2400;-0.6500;0.125680;0.001809;1.34
368;1.2500;0.1100;0.2600;-0.6500;0.125095;0.001794;1.34
369;1.2500;0.1100;0.2800;-0.6500;0.124231;0.001777;1.34
370;1.2500;0.1200;0.1000;-0.6500;0.130085;0.001967;1.34
371;1.2500;0.1200;0.1200;-0.6500;0.129791;0.001950;1.34
372;1.2500;0.1200;0.1400;-0.6500;0.130324;0.001939;1.34
373;1.2500;0.1200;0.1600;-0.6500;0.128506;0.001912;1.34
374;1.2500;0.1200;0.1800;-0.6500;0.129070;0.001899;1.34
375;1.2500;0.1200;0.2000;-0.6500;0.127975;0.001876;1.34
376;1.2500;0.1200;0.2200;-0.6500;0.127301;0.001858;1.34
377;1.2500;0.1200;0.2400;-0.6500;0.127526;0.001846;1.34
378;1.2500;0.1200;0.2600;-0.6500;0.127228;0.001834;1.34
379;1.2500;0.1200;0.2800;-0.6500;0.126925;0.001824;1.34
380;1.2500;0.1300;0.1000;-0.6500;0.133589;0.002033;1.34
381;1.2500;0.1300;0.1200;-0.6500;0.131259;0.001997;1.34
382;1.2500;0.1300;0.1400;-0.6500;0.132528;0.001990;1.34
383;1.2500;0.1300;0.1600;-0.6500;0.131543;0.001961;1.34
384;1.2500;0.1300;0.1800;-0.6500;0.132468;0.001950;1.34
385;1.2500;0.1300;0.2000;-0.6500;0.130770;0.001930;1.34
386;1.2500;0.1300;0.2200;-0.6500;0.130749;0.001916;1.34
387;1.2500;0.1300;0.2400;-0.6500;0.129621;0.001887;1.34
388;1.2500;0.1300;0.2600;-0.6500;0.130061;0.001883;1.34
389;1.2500;0.1300;0.2800;-0.6500;0.131229;0.001882;1.34
390;1.2500;0.1400;0.1000;-0.6500;0.135898;0.002056;1.34
391;1.2500;0.1400;0.1200;-0.6500;0.135188;0.002050;1.34
392;1.2500;0.1400;0.1400;-0.6500;0.134853;0.002032;1.34
393;1.2500;0.1400;0.1600;-0.6500;0.132534;0.001995;1.34
394;1.2500;0.1400;0.1800;-0.6500;0.133074;0.001979;1.34
395;1.2500;0.1400;0.2000;-0.6500;0.132640;0.001965;1.34
396;1.2500;0.1400;0.2200;-0.6500;0.133282;0.001969;1.34
397;1.2500;0.1400;0.2400;-0.6500;0.131741;0.001929;1.34
398;1.2500;0.1400;0.2600;-0.6500;0.132999;0.001939;1.34
399;1.2500;0.1400;0.2800;-0.6500;0.131904;0.001916;1.34
400;1.5000;0.0500;0.1000;-0.5500;0.109748;0.001619;1.34
401;1.5000;0.0500;0.1200;-0.5500;0.108696;0.001596;1.34
402;1.5000;0.0500;0.1400;-0.5500;0.107861;0.001578;1.34
403;1.5000;0.0500;0.1600;-0.5500;0.108204;0.001573;1.34
404;1.5000;0.0500;0.1800;-0.5500;0.107055;0.001557;1.34
405;1.5000;0.0500;0.2000;-0.5500;0.107360;0.001542;1.34
406;1.5000;0.0500;0.2200;-0.5500;0.107709;0.001537;1.34
407;1.5000;0.0500;0.2400;-0.5500;0.106927;0.001518;1.34
408;1.5000;0.0500;0.2600;-0.5500;0.106828;0.001512;1.34
409;1.5000;0.0500;0.2800;-0.5500;0.105523;0.001489;1.34
410;1.5000;0.0600;0.1000;-0.5500;0.110984;0.001651;1.34
411;1.5000;0.0600;0.1200;-0.5500;0.110423;0.001640;1.34
412;1.5000;0.0600;0.1400;-0.5500;0.111638;0.001634;1.34
413;1.5000;0.0600;0.1600;-0.5500;0.110795;0.001626;1.34
414;1.5000;0.0600;0.1800;-0.5500;0.111672;0.001616;1.34
415;1.5000;0.0600;0.2000;-0.5500;0.111438;0.001604;1.34
416;1.5000;0.0600;0.2200;-0.5500;0.110149;0.001583;1.34
417;1.5000;0.0600;0.2400;-0.5500;0.110176;0.001585;1.34
418;1.5000;0.0600;0.2600;-0.5500;0.110736;0.001580;1.34
419;1.5000;0.0600;0.2800;-0.5500;0.109389;0.001551;1.34
420;1.5000;0.0700;0.1000;-0.5500;0.114822;0.001718;1.34
421;1.5000;0.0700;0.1200;-0.5500;0.115520;0.001722;1.34
422;1.5000;0.0700;0.1400;-0.5500;0.113879;0.001688;1.34
423;1.5000;0.0700;0.1600;-0.5500;0.114984;0.001687;1.34
424;1.5000;0.0700;0.1800;-0.5500;0.113390;0.001666;1.34
425;1.5000;0.0700;0.2000;-0.5500;0.114894;0.001666;1.34
426;1.5000;0.0700;0.2200;-0.5500;0.114059;0.001641;1.34
427;1.5000;0.0700;0.2400;-0.5500;0.114332;0.001637;1.34
428;1.5000;0.0700;0.2600;-0.5500;0.112786;0.001623;1.34
429;1.5000;0.0700;0.2800;-0.5500;0.112571;0.001608;1.34
430;1.5000;0.0800;0.1000;-0.5500;0.118506;0.001775;1.34
431;1.5000;0.0800;0.1200;-0.5500;0.118017;0.001764;1.34
432;1.5000;0.0800;0.1400;-0.5500;0.116657;0.001727;1.34
433;1.5000;0.0800;0.1600;-0.5500;0.117948;0.001740;1.34
434;1.5000;0.0800;0.1800;-0.5500;0.118065;0.001737;1.34
435;1.5000;0.0800;0.2000;-0.5500;0.117420;0.001718;1.34
436;1.5000;0.0800;0.2200;-0.5500;0.116862;0.001698;1.34
437;1.5000;0.0800;0.2400;-0.5500;0.117316;0.001702;1.34
438;1.5000;0.0800;0.2600;-0.5500;0.114740;0.001659;1.34
439;1.5000;0.0800;0.2800;-0.5500;0.115924;0.001664;1.34
440;1.5000;0.0900;0.1000;-0.5500;0.121181;0.001822;1.34
441;1.5000;0.0900;0.1200;-0.5500;0.120687;0.001812;1.34
442;1.5000;0.0900;0.1400;-0.5500;0.121055;0.001807;1.34
443;1.5000;0.0900;0.1600;-0.5500;0.121179;0.001803;1.34
444;1.5000;0.0900;0.1800;-0.5500;0.120341;0.001781;1.34
445;1.5000;0.0900;0.2000;-0.5500;0.121440;0.001773;1.34
446;1.5000;0.0900;0.2200;-0.5500;0.120326;0.001757;1.34
447;1.5000;0.0900;0.2400;-0.5500;0.120079;0.001748;1.34
448;1.5000;0.0900;0.2600;-0.5500;0.119838;0.001738;1.34
449;1.5000;0.0900;0.2800;-0.5500;0.119652;0.001726;1.34
450;1.5000;0.1000;0.1000;-0.5500;0.124632;0.001888;1.34
451;1.5000;0.1000;0.1200;-0.5500;0.124122;0.001870;1.34
452;1.5000;0.1000;0.1400;-0.5500;0.123345;0.001848;1.34
453;1.5000;0.1000;0.1600;-0.5500;0.124690;0.001861;1.34
454;1.5000;0.1000;0.1800;-0.5500;0.124453;0.001845;1.34
455;1.5000;0.1000;0.2000;-0.5500;0.123640;0.001831;1.34
456;1.5000;0.1000;0.2200;-0.5500;0.123899;0.001825;1.34
457;1.5000;0.1000;0.2400;-0.5500;0.122437;0.001791;1.34
458;1.5000;0.1000;0.2600;-0.5500;0.123347;0.001796;1.34
459;1.5000;0.1000;0.2800;-0.5500;0.122995;0.001778;1.34
460;1.5000;0.1100;0.1000;-0.5500;0.127874;0.001936;1.34
461;1.5000;0.1100;0.1200;-0.5500;0.126154;0.001915;1.34
462;1.5000;0.1100;0.1400;-0.5500;0.126269;0.001905;1.34
463;1.5000;0.1100;0.1600;-0.5500;0.127000;0.001893;1.34
464;1.5000;0.1100;0.1800;-0.5500;0.126702;0.001893;1.34
465;1.5000;0.1100;0.2000;-0.5500;0.127386;0.001878;1.34
466;1.5000;0.1100;0.2200;-0.5500;0.126236;0.001858;1.34
467;1.5000;0.1100;0.2400;-0.5500;0.124999;0.001838;1.34
468;1.5000;0.1100;0.2600;-0.5500;0.126215;0.001839;1.34
469;1.5000;0.1100;0.2800;-0.5500;0.125797;0.001833;1.34
470;1.5000;0.1200;0.1000;-0.5500;0.129131;0.001979;1.34
471;1.5000;0.1200;0.1200;-0.5500;0.130076;0.001979;1.34
472;1.5000;0.1200;0.1400;-0.5500;0.130726;0.001965;1.34
473;1.5000;0.1200;0.1600;-0.5500;0.130549;0.001953;1.34
474;1.5000;0.1200;0.1800;-0.5500;0.129134;0.001926;1.34
475;1.5000;0.1200;0.2000;-0.5500;0.129089;0.001923;1.34
476;1.5000;0.1200;0.2200;-0.5500;0.130573;0.001933;1.34
477;1.5000;0.1200;0.2400;-0.5500;0.130062;0.001914;1.34
478;1.5000;0.1200;0.2600;-0.5500;0.127769;0.001890;1.34
479;1.5000;0.1200;0.2800;-0.5500;0.128301;0.001875;1.34
480;1.5000;0.1300;0.1000;-0.5500;0.133260;0.002039;1.34
481;1.5000;0.1300;0.1200;-0.5500;0.133922;0.002036;1.34
482;1.5000;0.1300;0.1400;-0.5500;0.132789;0.002014;1.34
483;1.5000;0.1300;0.1600;-0.5500;0.133825;0.002019;1.34
484;1.5000;0.1300;0.1800;-0.5500;0.133190;0.002002;1.34
485;1.5000;0.1300;0.2000;-0.5500;0.132077;0.001986;1.34
486;1.5000;0.1300;0.2200;-0.5500;0.131854;0.001961;1.34
487;1.5000;0.1300;0.2400;-0.5500;0.131635;0.001951;1.34
488;1.5000;0.1300;0.2600;-0.5500;0.131635;0.001947;1.34
489;1.5000;0.1300;0.2800;-0.5500;0.131294;0.001929;1.34
490;1.5000;0.1400;0.1000;-0.5500;0.136855;0.002104;1.34
491;1.5000;0.1400;0.1200;-0.5500;0.135473;0.002072;1.34
492;1.5000;0.1400;0.1400;-0.5500;0.135442;0.002066;1.34
493;1.5000;0.1400;0.1600;-0.5500;0.137233;0.002076;1.34
494;1.5000;0.1400;0.1800;-0.5500;0.134189;0.002030;1.34
495;1.5000;0.1400;0.2000;-0.5500;0.133923;0.002020;1.34
496;1.5000;0.1400;0.2200;-0.5500;0.133397;0.002009;1.34
497;1.5000;0.1400;0.2400;-0.5500;0.135390;0.002005;1.34
498;1.5000;0.1400;0.2600;-0.5500;0.133351;0.001991;1.34
499;1.5000;0.1400;0.2800;-0.5500;0.134389;0.001985;1.34
500;1.7500;0.0500;0.1000;-0.4500;0.108267;0.001606;1.34
501;1.7500;0.0500;0.1200;-0.4500;0.107465;0.001593;1.34
502;1.7500;0.0500;0.1400;-0.4500;0.106753;0.001576;1.34
503;1.7500;0.0500;0.1600;-0.4500;0.105932;0.001554;1.34
504;1.7500;0.0500;0.1800;-0.4500;0.107207;0.001568;1.34
505;1.7500;0.0500;0.2000;-0.4500;0.105273;0.001532;1.34
506;1.7500;0.0500;0.2200;-0.4500;0.105549;0.001537;1.34
507;1.7500;0.0500;0.2400;-0.4500;0.106136;0.001540;1.34
508;1.7500;0.0500;0.2600;-0.4500;0.105665;0.001533;1.34
509;1.7500;0.0500;0.2800;-0.4500;0.105521;0.001516;1.34
510;1.7500;0.0600;0.1000;-0.4500;0.110519;0.001656;1.34
511;1.7500;0.0600;0.1200;-0.4500;0.111252;0.001655;1.34
512;1.7500;0.0600;0.1400;-0.4500;0.111521;0.001643;1.34
513;1.7500;0.0600;0.1600;-0.4500;0.109995;0.001627;1.34
514;1.7500;0.0600;0.1800;-0.4500;0.111293;0.001630;1.34
515;1.7500;0.0600;0.2000;-0.4500;0.110521;0.001616;1.34
516;1.7500;0.0600;0.2200;-0.4500;0.110591;0.001613;1.34
517;1.7500;0.0600;0.2400;-0.4500;0.110824;0.001610;1.34
518;1.7500;0.0600;0.2600;-0.4500;0.108711;0.001579;1.34
519;1.7500;0.0600;0.2800;-0.4500;0.109449;0.001585;1.34
520;1.7500;0.0700;0.1000;-0.4500;0.114200;0.001720;1.34
521;1.7500;0.0700;0.1200;-0.4500;0.114293;0.001717;1.34
522;1.7500;0.0700;0.1400;-0.4500;0.115024;0.001716;1.34
523;1.7500;0.0700;0.1600;-0.4500;0.114573;0.001699;1.34
524;1.7500;0.0700;0.1800;-0.4500;0.114517;0.001688;1.34
525;1.7500;0.0700;0.2000;-0.4500;0.113693;0.001671;1.34
526;1.7500;0.0700;0.2200;-0.4500;0.114967;0.001680;1.34
527;1.7500;0.0700;0.2400;-0.4500;0.113374;0.001663;1.34
528;1.7500;0.0700;0.2600;-0.4500;0.112685;0.001642;1.34
529;1.7500;0.0700;0.2800;-0.4500;0.112859;0.001646;1.34
530;1.7500;0.0800;0.1000;-0.4500;0.117408;0.001783;1.34
531;1.7500;0.0800;0.1200;-0.4500;0.117517;0.001774;1.34
532;1.7500;0.0800;0.1400;-0.4500;0.118072;0.001762;1.34
533;1.7500;0.0800;0.1600;-0.4500;0.118271;0.001770;1.34
534;1.7500;0.0800;0.1800;-0.4500;0.117298;0.001750;1.34
535;1.7500;0.0800;0.2000;-0.4500;0.117364;0.001741;1.34
536;1.7500;0.0800;0.2200;-0.4500;0.115265;0.001712;1.34
537;1.7500;0.0800;0.2400;-0.4500;0.116458;0.001709;1.34
538;1.7500;0.0800;0.2600;-0.4500;0.115978;0.001702;1.34
539;1.7500;0.0800;0.2800;-0.4500;0.116562;0.001703;1.34
540;1.7500;0.0900;0.1000;-0.4500;0.120639;0.001840;1.34
541;1.7500;0.0900;0.1200;-0.4500;0.122696;0.001850;1.34
542;1.7500;0.0900;0.1400;-0.4500;0.122327;0.001843;1.34
543;1.7500;0.0900;0.1600;-0.4500;0.120339;0.001812;1.34
544;1.7500;0.0900;0.1800;-0.4500;0.121127;0.001822;1.34
545;1.7500;0.0900;0.2000;-0.4500;0.120411;0.001789;1.34
546;1.7500;0.0900;0.2200;-0.4500;0.120710;0.001790;1.34
547;1.7500;0.0900;0.2400;-0.4500;0.119402;0.001775;1.34
548;1.7500;0.0900;0.2600;-0.4500;0.119308;0.001771;1.34
549;1.7500;0.0900;0.2800;-0.4500;0.120382;0.001772;1.34
550;1.7500;0.1000;0.1000;-0.4500;0.126096;0.001923;1.34
551;1.7500;0.1000;0.1200;-0.4500;0.124883;0.001905;1.34
552;1.7500;0.1000;0.1400;-0.4500;0.125505;0.001901;1.34
553;1.7500;0.1000;0.1600;-0.4500;0.124879;0.001880;1.34
554;1.7500;0.1000;0.1800;-0.4500;0.123784;0.001862;1.34
555;1.7500;0.1000;0.2000;-0.4500;0.124191;0.001859;1.34
556;1.7500;0.1000;0.2200;-0.4500;0.124191;0.001846;1.34
557;1.7500;0.1000;0.2400;-0.4500;0.125879;0.001865;1.34
558;1.7500;0.1000;0.2600;-0.4500;0.122341;0.001816;1.34
559;1.7500;0.1000;0.2800;-0.4500;0.121993;0.001808;1.34
560;1.7500;0.1100;0.1000;-0.4500;0.128485;0.001964;1.34
561;1.7500;0.1100;0.1200;-0.4500;0.128094;0.001959;1.34
562;1.7500;0.1100;0.1400;-0.4500;0.126804;0.001938;1.34
563;1.7500;0.1100;0.1600;-0.4500;0.127583;0.001934;1.34
564;1.7500;0.1100;0.1800;-0.4500;0.126488;0.001915;1.34
565;1.7500;0.1100;0.2000;-0.4500;0.128850;0.001931;1.34
566;1.7500;0.1100;0.2200;-0.4500;0.128042;0.001910;1.34
567;1.7500;0.1100;0.2400;-0.4500;0.126774;0.001890;1.34
568;1.7500;0.1100;0.2600;-0.4500;0.127414;0.001898;1.34
569;1.7500;0.1100;0.2800;-0.4500;0.126363;0.001877;1.34
570;1.7500;0.1200;0.1000;-0.4500;0.131719;0.002024;1.34
571;1.7500;0.1200;0.1200;-0.4500;0.130486;0.001997;1.34
572;1.7500;0.1200;0.1400;-0.4500;0.130547;0.001997;1.34
573;1.7500;0.1200;0.1600;-0.4500;0.131202;0.001989;1.34
574;1.7500;0.1200;0.1800;-0.4500;0.128621;0.001959;1.34
575;1.7500;0.1200;0.2000;-0.4500;0.129077;0.001959;1.34
576;1.7500;0.1200;0.2200;-0.4500;0.129689;0.001949;1.34
577;1.7500;0.1200;0.2400;-0.4500;0.129706;0.001961;1.34
578;1.7500;0.1200;0.2600;-0.4500;0.129739;0.001934;1.34
579;1.7500;0.1200;0.2800;-0.4500;0.128612;0.001932;1.34
580;1.7500;0.1300;0.1000;-0.4500;0.133471;0.002071;1.34
581;1.7500;0.1300;0.1200;-0.4500;0.134389;0.002069;1.34
582;1.7500;0.1300;0.1400;-0.4500;0.134266;0.002061;1.34
583;1.7500;0.1300;0.1600;-0.4500;0.133685;0.002037;1.34
584;1.7500;0.1300;0.1800;-0.4500;0.131938;0.002016;1.34
585;1.7500;0.1300;0.2000;-0.4500;0.135154;0.002045;1.34
586;1.7500;0.1300;0.2200;-0.4500;0.133620;0.002031;1.34
587;1.7500;0.1300;0.2400;-0.4500;0.134255;0.002016;1.34
588;1.7500;0.1300;0.2600;-0.4500;0.131752;0.001984;1.34
589;1.7500;0.1300;0.2800;-0.4500;0.133378;0.001998;1.34
590;1.7500;0.1400;0.1000;-0.4500;0.138583;0.002154;1.34
591;1.7500;0.1400;0.1200;-0.4500;0.137472;0.002129;1.34
592;1.7500;0.1400;0.1400;-0.4500;0.137056;0.002117;1.34
593;1.7500;0.1400;0.1600;-0.4500;0.136631;0.002094;1.34
594;1.7500;0.1400;0.1800;-0.4500;0.135843;0.002084;1.34
595;1.7500;0.1400;0.2000;-0.4500;0.135275;0.002076;1.34
596;1.7500;0.1400;0.2200;-0.4500;0.136527;0.002069;1.34
597;1.7500;0.1400;0.2400;-0.4500;0.136454;0.002069;1.34
598;1.7500;0.1400;0.2600;-0.4500;0.134857;0.002034;1.34
599;1.7500;0.1400;0.2800;-0.4500;0.136300;0.002060;1.34
600;2.0000;0.0500;0.1000;-0.3500;0.105434;0.001579;1.34
601;2.0000;0.0500;0.1200;-0.3500;0.106133;0.001581;1.34
602;2.0000;0.0500;0.1400;-0.3500;0.104925;0.001562;1.34
603;2.0000;0.0500;0.1600;-0.3500;0.105521;0.001567;1.34
604;2.0000;0.0500;0.1800;-0.3500;0.104641;0.001544;1.34
605;2.0000;0.0500;0.2000;-0.3500;0.104898;0.001549;1.34
606;2.0000;0.0500;0.2200;-0.3500;0.105346;0.001550;1.34
607;2.0000;0.0500;0.2400;-0.3500;0.105175;0.001544;1.34
608;2.0000;0.0500;0.2600;-0.3500;0.104579;0.001538;1.34
609;2.0000;0.0500;0.2800;-0.3500;0.104093;0.001523;1.34
610;2.0000;0.0600;0.1000;-0.3500;0.111389;0.001675;1.34
611;2.0000;0.0600;0.1200;-0.3500;0.110201;0.001654;1.34
612;2.0000;0.0600;0.1400;-0.3500;0.110268;0.001644;1.34
613;2.0000;0.0600;0.1600;-0.3500;0.109202;0.001629;1.34
614;2.0000;0.0600;0.1800;-0.3500;0.108950;0.001621;1.34
615;2.0000;0.0600;0.2000;-0.3500;0.108240;0.001603;1.34
616;2.0000;0.0600;0.2200;-0.3500;0.109009;0.001611;1.34
617;2.0000;0.0600;0.2400;-0.3500;0.108752;0.001611;1.34
618;2.0000;0.0600;0.2600;-0.3500;0.108410;0.001598;1.34
619;2.0000;0.0600;0.2800;-0.3500;0.108018;0.001596;1.34
620;2.0000;0.0700;0.1000;-0.3500;0.114205;0.001721;1.34
621;2.0000;0.0700;0.1200;-0.3500;0.114611;0.001723;1.34
622;2.0000;0.0700;0.1400;-0.3500;0.114874;0.001723;1.34
623;2.0000;0.0700;0.1600;-0.3500;0.113537;0.001700;1.34
624;2.0000;0.0700;0.1800;-0.3500;0.112618;0.001687;1.34
625;2.0000;0.0700;0.2000;-0.3500;0.113220;0.001689;1.34
626;2.0000;0.0700;0.2200;-0.3500;0.112637;0.001679;1.34
627;2.0000;0.0700;0.2400;-0.3500;0.113240;0.001688;1.34
628;2.0000;0.0700;0.2600;-0.3500;0.113166;0.001675;1.34
629;2.0000;0.0700;0.2800;-0.3500;0.112854;0.001663;1.34
630;2.0000;0.0800;0.1000;-0.3500;0.118528;0.001804;1.34
631;2.0000;0.0800;0.1200;-0.3500;0.118865;0.001799;1.34
632;2.0000;0.0800;0.1400;-0.3500;0.117983;0.001782;1.34
633;2.0000;0.0800;0.1600;-0.3500;0.116753;0.001768;1.34
634;2.0000;0.0800;0.1800;-0.3500;0.116647;0.001762;1.34
635;2.0000;0.0800;0.2000;-0.3500;0.117479;0.001756;1.34
636;2.0000;0.0800;0.2200;-0.3500;0.116927;0.001756;1.34
637;2.0000;0.0800;0.2400;-0.3500;0.117071;0.001760;1.34
638;2.0000;0.0800;0.2600;-0.3500;0.117362;0.001753;1.34
639;2.0000;0.0800;0.2800;-0.3500;0.115161;0.001706;1.34
640;2.0000;0.0900;0.1000;-0.3500;0.119638;0.001830;1.34
641;2.0000;0.0900;0.1200;-0.3500;0.121430;0.001849;1.34
642;2.0000;0.0900;0.1400;-0.3500;0.119781;0.001836;1.34
643;2.0000;0.0900;0.1600;-0.3500;0.120901;0.001827;1.34
644;2.0000;0.0900;0.1800;-0.3500;0.118751;0.001810;1.34
645;2.0000;0.0900;0.2000;-0.3500;0.119795;0.001807;1.34
646;2.0000;0.0900;0.2200;-0.3500;0.120216;0.001811;1.34
647;2.0000;0.0900;0.2400;-0.3500;0.119416;0.001798;1.34
648;2.0000;0.0900;0.2600;-0.3500;0.120803;0.001817;1.34
649;2.0000;0.0900;0.2800;-0.3500;0.120153;0.001794;1.34
650;2.0000;0.1000;0.1000;-0.3500;0.126953;0.001947;1.34
651;2.0000;0.1000;0.1200;-0.3500;0.124353;0.001899;1.34
652;2.0000;0.1000;0.1400;-0.3500;0.124761;0.001909;1.34
653;2.0000;0.1000;0.1600;-0.3500;0.124886;0.001913;1.34
654;2.0000;0.1000;0.1800;-0.3500;0.124387;0.001895;1.34
655;2.0000;0.1000;0.2000;-0.3500;0.125675;0.001903;1.34
656;2.0000;0.1000;0.2200;-0.3500;0.124288;0.001874;1.34
657;2.0000;0.1000;0.2400;-0.3500;0.125245;0.001888;1.34
658;2.0000;0.1000;0.2600;-0.3500;0.123240;0.001858;1.34
659;2.0000;0.1000;0.2800;-0.3500;0.124165;0.001872;1.34
660;2.0000;0.1100;0.1000;-0.3500;0.129450;0.001989;1.34
661;2.0000;0.1100;0.1200;-0.3500;0.127816;0.001977;1.34
662;2.0000;0.1100;0.1400;-0.3500;0.127197;0.001959;1.34
663;2.0000;0.1100;0.1600;-0.3500;0.128239;0.001961;1.34
664;2.0000;0.1100;0.1800;-0.3500;0.127977;0.001952;1.34
665;2.0000;0.1100;0.2000;-0.3500;0.128279;0.001949;1.34
666;2.0000;0.1100;0.2200;-0.3500;0.127672;0.001927;1.34
667;2.0000;0.1100;0.2400;-0.3500;0.127813;0.001939;1.34
668;2.0000;0.1100;0.2600;-0.3500;0.127382;0.001938;1.34
669;2.0000;0.1100;0.2800;-0.3500;0.126015;0.001913;1.34
670;2.0000;0.1200;0.1000;-0.3500;0.131193;0.002043;1.34
671;2.0000;0.1200;0.1200;-0.3500;0.130526;0.002015;1.34
672;2.0000;0.1200;0.1400;-0.3500;0.131517;0.002031;1.34
673;2.0000;0.1200;0.1600;-0.3500;0.132931;0.002048;1.34
674;2.0000;0.1200;0.1800;-0.3500;0.133115;0.002038;1.34
675;2.0000;0.1200;0.2000;-0.3500;0.131730;0.002012;1.34
676;2.0000;0.1200;0.2200;-0.3500;0.130775;0.001996;1.34
677;2.0000;0.1200;0.2400;-0.3500;0.131919;0.002011;1.34
678;2.0000;0.1200;0.2600;-0.3500;0.130309;0.001984;1.34
679;2.0000;0.1200;0.2800;-0.3500;0.131350;0.001998;1.34
680;2.0000;0.1300;0.1000;-0.3500;0.135858;0.002113;1.34
681;2.0000;0.1300;0.1200;-0.3500;0.135507;0.002111;1.34
682;2.0000;0.1300;0.1400;-0.3500;0.134725;0.002080;1.34
683;2.0000;0.1300;0.1600;-0.3500;0.134142;0.002076;1.34
684;2.0000;0.1300;0.1800;-0.3500;0.134697;0.002069;1.34
685;2.0000;0.1300;0.2000;-0.3500;0.134951;0.002080;1.34
686;2.0000;0.1300;0.2200;-0.3500;0.134670;0.002068;1.34
687;2.0000;0.1300;0.2400;-0.3500;0.134845;0.002070;1.34
688;2.0000;0.1300;0.2600;-0.3500;0.133223;0.002042;1.34
689;2.0000;0.1300;0.2800;-0.3500;0.134409;0.002050;1.34
690;2.0000;0.1400;0.1000;-0.3500;0.137819;0.002165;1.34
691;2.0000;0.1400;0.1200;-0.3500;0.139187;0.002169;1.34
692;2.0000;0.1400;0.1400;-0.3500;0.139383;0.002161;1.34
693;2.0000;0.1400;0.1600;-0.3500;0.137281;0.002132;1.34
694;2.0000;0.1400;0.1800;-0.3500;0.137779;0.002130;1.34
695;2.0000;0.1400;0.2000;-0.3500;0.137111;0.002124;1.34
696;2.0000;0.1400;0.2200;-0.3500;0.138356;0.002129;1.34
697;2.0000;0.1400;0.2400;-0.3500;0.137381;0.002116;1.34
698;2.0000;0.1400;0.2600;-0.3500;0.138794;0.002124;1.34
699;2.0000;0.1400;0.2800;-0.3500;0.136110;0.002086;1.34
700;2.2500;0.0500;0.1000;-0.2500;0.104851;0.001582;1.34
701;2.2500;0.0500;0.1200;-0.2500;0.105367;0.001575;1.34
702;2.2500;0.0500;0.1400;-0.2500;0.104931;0.001570;1.34
703;2.2500;0.0500;0.1600;-0.2500;0.103618;0.001557;1.34
704;2.2500;0.0500;0.1800;-0.2500;0.103530;0.001551;1.34
705;2.2500;0.0500;0.2000;-0.2500;0.102609;0.001539;1.34
706;2.2500;0.0500;0.2200;-0.2500;0.103813;0.001548;1.34
707;2.2500;0.0500;0.2400;-0.2500;0.103354;0.001543;1.34
708;2.2500;0.0500;0.2600;-0.2500;0.103359;0.001537;1.34
709;2.2500;0.0500;0.2800;-0.2500;0.103932;0.001540;1.34
710;2.2500;0.0600;0.1000;-0.2500;0.109243;0.001652;1.34
711;2.2500;0.0600;0.1200;-0.2500;0.109574;0.001651;1.34
712;2.2500;0.0600;0.1400;-0.2500;0.108643;0.001636;1.34
713;2.2500;0.0600;0.1600;-0.2500;0.109599;0.001650;1.34
714;2.2500;0.0600;0.1800;-0.2500;0.108107;0.001625;1.34
715;2.2500;0.0600;0.2000;-0.2500;0.108640;0.001629;1.34
716;2.2500;0.0600;0.2200;-0.2500;0.107476;0.001619;1.34
717;2.2500;0.0600;0.2400;-0.2500;0.107176;0.001609;1.34
718;2.2500;0.0600;0.2600;-0.2500;0.108765;0.001617;1.34
719;2.2500;0.0600;0.2800;-0.2500;0.107446;0.001604;1.34
720;2.2500;0.0700;0.1000;-0.2500;0.113813;0.001721;1.34
721;2.2500;0.0700;0.1200;-0.2500;0.113482;0.001717;1.34
722;2.2500;0.0700;0.1400;-0.2500;0.111957;0.001701;1.34
723;2.2500;0.0700;0.1600;-0.2500;0.113278;0.001719;1.34
724;2.2500;0.0700;0.1800;-0.2500;0.113424;0.001716;1.34
725;2.2500;0.0700;0.2000;-0.2500;0.112905;0.001701;1.34
726;2.2500;0.0700;0.2200;-0.2500;0.112811;0.001703;1.34
727;2.2500;0.0700;0.2400;-0.2500;0.112632;0.001691;1.34
728;2.2500;0.0700;0.2600;-0.2500;0.112354;0.001694;1.34
729;2.2500;0.0700;0.2800;-0.2500;0.112249;0.001685;1.34
730;2.2500;0.0800;0.1000;-0.2500;0.117875;0.001801;1.34
731;2.2500;0.0800;0.1200;-0.2500;0.118285;0.001802;1.34
732;2.2500;0.0800;0.1400;-0.2500;0.115444;0.001767;1.34
733;2.2500;0.0800;0.1600;-0.2500;0.117662;0.001789;1.34
734;2.2500;0.0800;0.1800;-0.2500;0.116420;0.001770;1.34
735;2.2500;0.0800;0.2000;-0.2500;0.116372;0.001763;1.34
736;2.2500;0.0800;0.2200;-0.2500;0.117160;0.001787;1.34
737;2.2500;0.0800;0.2400;-0.2500;0.115301;0.001756;1.34
738;2.2500;0.0800;0.2600;-0.2500;0.116612;0.001773;1.34
739;2.2500;0.0800;0.2800;-0.2500;0.116163;0.001761;1.34
740;2.2500;0.0900;0.1000;-0.2500;0.122567;0.001876;1.34
741;2.2500;0.0900;0.1200;-0.2500;0.120683;0.001859;1.34
742;2.2500;0.0900;0.1400;-0.2500;0.122215;0.001870;1.34
743;2.2500;0.0900;0.1600;-0.2500;0.121203;0.001857;1.34
744;2.2500;0.0900;0.1800;-0.2500;0.121011;0.001850;1.34
745;2.2500;0.0900;0.2000;-0.2500;0.119495;0.001825;1.34
746;2.2500;0.0900;0.2200;-0.2500;0.121152;0.001841;1.34
747;2.2500;0.0900;0.2400;-0.2500;0.122877;0.001866;1.34
748;2.2500;0.0900;0.2600;-0.2500;0.121035;0.001847;1.34
749;2.2500;0.0900;0.2800;-0.2500;0.119352;0.001819;1.34
750;2.2500;0.1000;0.1000;-0.2500;0.125464;0.001937;1.34
751;2.2500;0.1000;0.1200;-0.2500;0.124794;0.001923;1.34
752;2.2500;0.1000;0.1400;-0.2500;0.124998;0.001920;1.34
753;2.2500;0.1000;0.1600;-0.2500;0.124682;0.001916;1.34
754;2.2500;0.1000;0.1800;-0.2500;0.125550;0.001922;1.34
755;2.2500;0.1000;0.2000;-0.2500;0.124935;0.001915;1.34
756;2.2500;0.1000;0.2200;-0.2500;0.123846;0.001897;1.34
757;2.2500;0.1000;0.2400;-0.2500;0.123065;0.001877;1.34
758;2.2500;0.1000;0.2600;-0.2500;0.123506;0.001898;1.34
759;2.2500;0.1000;0.2800;-0.2500;0.122707;0.001885;1.34
760;2.2500;0.1100;0.1000;-0.2500;0.129912;0.002024;1.34
761;2.2500;0.1100;0.1200;-0.2500;0.129624;0.002003;1.34
762;2.2500;0.1100;0.1400;-0.2500;0.130947;0.002024;1.34
763;2.2500;0.1100;0.1600;-0.2500;0.128073;0.001987;1.34
764;2.2500;0.1100;0.1800;-0.2500;0.128290;0.001978;1.34
765;2.2500;0.1100;0.2000;-0.2500;0.128457;0.001986;1.34
766;2.2500;0.1100;0.2200;-0.2500;0.128306;0.001982;1.34
767;2.2500;0.1100;0.2400;-0.2500;0.127902;0.001979;1.34
768;2.2500;0.1100;0.2600;-0.2500;0.128772;0.001966;1.34
769;2.2500;0.1100;0.2800;-0.2500;0.127959;0.001968;1.34
770;2.2500;0.1200;0.1000;-0.2500;0.134510;0.002094;1.34
771;2.2500;0.1200;0.1200;-0.2500;0.132088;0.002064;1.34
772;2.2500;0.1200;0.1400;-0.2500;0.132322;0.002058;1.34
773;2.2500;0.1200;0.1600;-0.2500;0.130924;0.002036;1.34
774;2.2500;0.1200;0.1800;-0.2500;0.131245;0.002032;1.34
775;2.2500;0.1200;0.2000;-0.2500;0.132329;0.002049;1.34
776;2.2500;0.1200;0.2200;-0.2500;0.131568;0.002030;1.34
777;2.2500;0.1200;0.2400;-0.2500;0.131593;0.002041;1.34
778;2.2500;0.1200;0.2600;-0.2500;0.132048;0.002031;1.34
779;2.2500;0.1200;0.2800;-0.2500;0.132239;0.002033;1.34
780;2.2500;0.1300;0.1000;-0.2500;0.135091;0.002109;1.34
781;2.2500;0.1300;0.1200;-0.2500;0.134787;0.002105;1.34
782;2.2500;0.1300;0.1400;-0.2500;0.135229;0.002103;1.34
783;2.2500;0.1300;0.1600;-0.2500;0.135730;0.002112;1.34
784;2.2500;0.1300;0.1800;-0.2500;0.137076;0.002123;1.34
785;2.2500;0.1300;0.2000;-0.2500;0.137639;0.002127;1.34
786;2.2500;0.1300;0.2200;-0.2500;0.136259;0.002113;1.34
787;2.2500;0.1300;0.2400;-0.2500;0.136546;0.002111;1.34
788;2.2500;0.1300;0.2600;-0.2500;0.135577;0.002106;1.34
789;2.2500;0.1300;0.2800;-0.2500;0.133600;0.002072;1.34
790;2.2500;0.1400;0.1000;-0.2500;0.140621;0.002203;1.34
791;2.2500;0.1400;0.1200;-0.2500;0.139634;0.002201;1.34
792;2.2500;0.1400;0.1400;-0.2500;0.140080;0.002201;1.34
793;2.2500;0.1400;0.1600;-0.2500;0.140930;0.002200;1.34
794;2.2500;0.1400;0.1800;-0.2500;0.139274;0.002194;1.34
795;2.2500;0.1400;0.2000;-0.2500;0.138950;0.002165;1.34
796;2.2500;0.1400;0.2200;-0.2500;0.138640;0.002169;1.34
797;2.2500;0.1400;0.2400;-0.2500;0.138314;0.002156;1.34
798;2.2500;0.1400;0.2600;-0.2500;0.139523;0.002165;1.34
799;2.2500;0.1400;0.2800;-0.2500;0.136681;0.002138;1.34
800;2.5000;0.0500;0.1000;-0.1500;0.104004;0.001566;1.34
801;2.5000;0.0500;0.1200;-0.1500;0.103733;0.001566;1.34
802;2.5000;0.0500;0.1400;-0.1500;0.103776;0.001569;1.34
803;2.5000;0.0500;0.1600;-0.1500;0.103813;0.001569;1.34
804;2.5000;0.0500;0.1800;-0.1500;0.103969;0.001559;1.34
805;2.5000;0.0500;0.2000;-0.1500;0.103019;0.001549;1.34
806;2.5000;0.0500;0.2200;-0.1500;0.102246;0.001548;1.34
807;2.5000;0.0500;0.2400;-0.1500;0.102845;0.001551;1.34
808;2.5000;0.0500;0.2600;-0.1500;0.101691;0.001541;1.34
809;2.5000;0.0500;0.2800;-0.1500;0.101985;0.001550;1.34
810;2.5000;0.0600;0.1000;-0.1500;0.108394;0.001653;1.34
811;2.5000;0.0600;0.1200;-0.1500;0.107295;0.001629;1.34
812;2.5000;0.0600;0.1400;-0.1500;0.109216;0.001651;1.34
813;2.5000;0.0600;0.1600;-0.1500;0.107196;0.001633;1.34
814;2.5000;0.0600;0.1800;-0.1500;0.108479;0.001643;1.34
815;2.5000;0.0600;0.2000;-0.1500;0.107189;0.001621;1.34
816;2.5000;0.0600;0.2200;-0.1500;0.108174;0.001636;1.34
817;2.5000;0.0600;0.2400;-0.1500;0.108582;0.001644;1.34
818;2.5000;0.0600;0.2600;-0.1500;0.107420;0.001629;1.34
819;2.5000;0.0600;0.2800;-0.1500;0.106731;0.001619;1.34
820;2.5000;0.0700;0.1000;-0.1500;0.113784;0.001737;1.34
821;2.5000;0.0700;0.1200;-0.1500;0.111280;0.001705;1.34
822;2.5000;0.0700;0.1400;-0.1500;0.113600;0.001738;1.34
823;2.5000;0.0700;0.1600;-0.1500;0.113338;0.001725;1.34
824;2.5000;0.0700;0.1800;-0.1500;0.112371;0.001715;1.34
825;2.5000;0.0700;0.2000;-0.1500;0.113439;0.001728;1.34
826;2.5000;0.0700;0.2200;-0.1500;0.113121;0.001720;1.34
827;2.5000;0.0700;0.2400;-0.1500;0.112767;0.001721;1.34
828;2.5000;0.0700;0.2600;-0.1500;0.112105;0.001706;1.34
829;2.5000;0.0700;0.2800;-0.1500;0.112658;0.001711;1.34
830;2.5000;0.0800;0.1000;-0.1500;0.115682;0.001790;1.34
831;2.5000;0.0800;0.1200;-0.1500;0.116525;0.001787;1.34
832;2.5000;0.0800;0.1400;-0.1500;0.117210;0.001805;1.34
833;2.5000;0.0800;0.1600;-0.1500;0.116818;0.001796;1.34
834;2.5000;0.0800;0.1800;-0.1500;0.116831;0.001791;1.34
835;2.5000;0.0800;0.2000;-0.1500;0.116479;0.001793;1.34
836;2.5000;0.0800;0.2200;-0.1500;0.117897;0.001804;1.34
837;2.5000;0.0800;0.2400;-0.1500;0.115892;0.001787;1.34
838;2.5000;0.0800;0.2600;-0.1500;0.116628;0.001792;1.34
839;2.5000;0.0800;0.2800;-0.1500;0.115104;0.001758;1.34
840;2.5000;0.0900;0.1000;-0.1500;0.121513;0.001878;1.34
841;2.5000;0.0900;0.1200;-0.1500;0.119816;0.001858;1.34
842;2.5000;0.0900;0.1400;-0.1500;0.120113;0.001852;1.34
843;2.5000;0.0900;0.1600;-0.1500;0.121942;0.001876;1.34
844;2.5000;0.0900;0.1800;-0.1500;0.120585;0.001860;1.34
845;2.5000;0.0900;0.2000;-0.1500;0.120655;0.001861;1.34
846;2.5000;0.0900;0.2200;-0.1500;0.120493;0.001858;1.34
847;2.5000;0.0900;0.2400;-0.1500;0.120025;0.001856;1.34
848;2.5000;0.0900;0.2600;-0.1500;0.120890;0.001867;1.34
849;2.5000;0.0900;0.2800;-0.1500;0.120720;0.001851;1.34
850;2.5000;0.1000;0.1000;-0.1500;0.124830;0.001939;1.34
851;2.5000;0.1000;0.1200;-0.1500;0.124280;0.001932;1.34
852;2.5000;0.1000;0.1400;-0.1500;0.124867;0.001942;1.34
853;2.5000;0.1000;0.1600;-0.1500;0.125982;0.001958;1.34
854;2.5000;0.1000;0.1800;-0.1500;0.125158;0.001955;1.34
855;2.5000;0.1000;0.2000;-0.1500;0.125432;0.001950;1.34
856;2.5000;0.1000;0.2200;-0.1500;0.123645;0.001920;1.34
857;2.5000;0.1000;0.2400;-0.1500;0.124586;0.001932;1.34
858;2.5000;0.1000;0.2600;-0.1500;0.123593;0.001926;1.34
859;2.5000;0.1000;0.2800;-0.1500;0.123776;0.001919;1.34
860;2.5000;0.1100;0.1000;-0.1500;0.130624;0.002035;1.34
861;2.5000;0.1100;0.1200;-0.1500;0.128975;0.002012;1.34
862;2.5000;0.1100;0.1400;-0.1500;0.130539;0.002037;1.34
863;2.5000;0.1100;0.1600;-0.1500;0.129383;0.002023;1.34
864;2.5000;0.1100;0.1800;-0.1500;0.128508;0.002006;1.34
865;2.5000;0.1100;0.2000;-0.1500;0.128976;0.001998;1.34
866;2.5000;0.1100;0.2200;-0.1500;0.128893;0.002005;1.34
867;2.5000;0.1100;0.2400;-0.1500;0.128137;0.002006;1.34
868;2.5000;0.1100;0.2600;-0.1500;0.127352;0.001979;1.34
869;2.5000;0.1100;0.2800;-0.1500;0.129184;0.002012;1.34
870;2.5000;0.1200;0.1000;-0.1500;0.133646;0.002075;1.34
871;2.5000;0.1200;0.1200;-0.1500;0.134269;0.002090;1.34
872;2.5000;0.1200;0.1400;-0.1500;0.132790;0.002072;1.34
873;2.5000;0.1200;0.1600;-0.1500;0.133512;0.002077;1.34
874;2.5000;0.1200;0.1800;-0.1500;0.131764;0.002064;1.34
875;2.5000;0.1200;0.2000;-0.1500;0.133477;0.002096;1.34
876;2.5000;0.1200;0.2200;-0.1500;0.132948;0.002076;1.34
877;2.5000;0.1200;0.2400;-0.1500;0.130503;0.002048;1.34
878;2.5000;0.1200;0.2600;-0.1500;0.132852;0.002079;1.34
879;2.5000;0.1200;0.2800;-0.1500;0.130837;0.002047;1.34
880;2.5000;0.1300;0.1000;-0.1500;0.136616;0.002160;1.34
881;2.5000;0.1300;0.1200;-0.1500;0.136068;0.002143;1.34
882;2.5000;0.1300;0.1400;-0.1500;0.138037;0.002163;1.34
883;2.5000;0.1300;0.1600;-0.1500;0.136848;0.002155;1.34
884;2.5000;0.1300;0.1800;-0.1500;0.134658;0.002129;1.34
885;2.5000;0.1300;0.2000;-0.1500;0.135447;0.002130;1.34
886;2.5000;0.1300;0.2200;-0.1500;0.134992;0.002130;1.34
887;2.5000;0.1300;0.2400;-0.1500;0.136417;0.002149;1.34
888;2.5000;0.1300;0.2600;-0.1500;0.134727;0.002111;1.34
889;2.5000;0.1300;0.2800;-0.1500;0.134280;0.002097;1.34
890;2.5000;0.1400;0.1000;-0.1500;0.140749;0.002226;1.34
891;2.5000;0.1400;0.1200;-0.1500;0.140054;0.002222;1.34
892;2.5000;0.1400;0.1400;-0.1500;0.138683;0.002197;1.34
893;2.5000;0.1400;0.1600;-0.1500;0.139147;0.002200;1.34
894;2.5000;0.1400;0.1800;-0.1500;0.141569;0.002239;1.34
895;2.5000;0.1400;0.2000;-0.1500;0.140345;0.002210;1.34
896;2.5000;0.1400;0.2200;-0.1500;0.139034;0.002196;1.34
897;2.5000;0.1400;0.2400;-0.1500;0.140299;0.002212;1.34
898;2.5000;0.1400;0.2600;-0.1500;0.138500;0.002188;1.34
899;2.5000;0.1400;0.2800;-0.1500;0.140381;0.002212;1.34
900;2.7500;0.0500;0.1000;-0.0500;0.102106;0.001549;1.34
901;2.7500;0.0500;0.1200;-0.0500;0.102561;0.001557;1.34
902;2.7500;0.0500;0.1400;-0.0500;0.103310;0.001566;1.34
903;2.7500;0.0500;0.1600;-0.0500;0.101737;0.001546;1.34
904;2.7500;0.0500;0.1800;-0.0500;0.102769;0.001566;1.34
905;2.7500;0.0500;0.2000;-0.0500;0.100997;0.001540;1.34
906;2.7500;0.0500;0.2200;-0.0500;0.101963;0.001559;1.34
907;2.7500;0.0500;0.2400;-0.0500;0.102390;0.001555;1.34
908;2.7500;0.0500;0.2600;-0.0500;0.101978;0.001559;1.34
909;2.7500;0.0500;0.2800;-0.0500;0.103045;0.001576;1.34
910;2.7500;0.0600;0.1000;-0.0500;0.108045;0.001649;1.34
911;2.7500;0.0600;0.1200;-0.0500;0.107020;0.001635;1.34
912;2.7500;0.0600;0.1400;-0.0500;0.108626;0.001660;1.34
913;2.7500;0.0600;0.1600;-0.0500;0.106644;0.001638;1.34
914;2.7500;0.0600;0.1800;-0.0500;0.107241;0.001640;1.34
915;2.7500;0.0600;0.2000;-0.0500;0.107844;0.001654;1.34
916;2.7500;0.0600;0.2200;-0.0500;0.107229;0.001643;1.34
917;2.7500;0.0600;0.2400;-0.0500;0.106148;0.001626;1.34
918;2.7500;0.0600;0.2600;-0.0500;0.107253;0.001633;1.34
919;2.7500;0.0600;0.2800;-0.0500;0.105944;0.001626;1.34
920;2.7500;0.0700;0.1000;-0.0500;0.112489;0.001729;1.34
921;2.7500;0.0700;0.1200;-0.0500;0.111970;0.001717;1.34
922;2.7500;0.0700;0.1400;-0.0500;0.112596;0.001726;1.34
923;2.7500;0.0700;0.1600;-0.0500;0.112594;0.001727;1.34
924;2.7500;0.0700;0.1800;-0.0500;0.112765;0.001726;1.34
925;2.7500;0.0700;0.2000;-0.0500;0.112885;0.001734;1.34
926;2.7500;0.0700;0.2200;-0.0500;0.111621;0.001720;1.34
927;2.7500;0.0700;0.2400;-0.0500;0.110548;0.001702;1.34
928;2.7500;0.0700;0.2600;-0.0500;0.112030;0.001722;1.34
929;2.7500;0.0700;0.2800;-0.0500;0.112862;0.001741;1.34
930;2.7500;0.0800;0.1000;-0.0500;0.117363;0.001802;1.34
931;2.7500;0.0800;0.1200;-0.0500;0.116320;0.001793;1.34
932;2.7500;0.0800;0.1400;-0.0500;0.116746;0.001802;1.34
933;2.7500;0.0800;0.1600;-0.0500;0.116199;0.001798;1.34
934;2.7500;0.0800;0.1800;-0.0500;0.115358;0.001793;1.34
935;2.7500;0.0800;0.2000;-0.0500;0.116435;0.001793;1.34
936;2.7500;0.0800;0.2200;-0.0500;0.116841;0.001805;1.34
937;2.7500;0.0800;0.2400;-0.0500;0.117114;0.001810;1.34
938;2.7500;0.0800;0.2600;-0.0500;0.116285;0.001798;1.34
939;2.7500;0.0800;0.2800;-0.0500;0.115097;0.001782;1.34
940;2.7500;0.0900;0.1000;-0.0500;0.121783;0.001896;1.34
941;2.7500;0.0900;0.1200;-0.0500;0.121466;0.001886;1.34
942;2.7500;0.0900;0.1400;-0.0500;0.120229;0.001869;1.34
943;2.7500;0.0900;0.1600;-0.0500;0.120974;0.001874;1.34
944;2.7500;0.0900;0.1800;-0.0500;0.122184;0.001896;1.34
945;2.7500;0.0900;0.2000;-0.0500;0.120525;0.001868;1.34
946;2.7500;0.0900;0.2200;-0.0500;0.120311;0.001866;1.34
947;2.7500;0.0900;0.2400;-0.0500;0.120426;0.001865;1.34
948;2.7500;0.0900;0.2600;-0.0500;0.119275;0.001866;1.34
949;2.7500;0.0900;0.2800;-0.0500;0.120162;0.001872;1.34
950;2.7500;0.1000;0.1000;-0.0500;0.124781;0.001942;1.34
951;2.7500;0.1000;0.1200;-0.0500;0.124891;0.001953;1.34
952;2.7500;0.1000;0.1400;-0.0500;0.124721;0.001956;1.34
953;2.7500;0.1000;0.1600;-0.0500;0.127513;0.001974;1.34
954;2.7500;0.1000;0.1800;-0.0500;0.125167;0.001962;1.34
955;2.7500;0.1000;0.2000;-0.0500;0.127678;0.001976;1.34
956;2.7500;0.1000;0.2200;-0.0500;0.123707;0.001939;1.34
957;2.7500;0.1000;0.2400;-0.0500;0.126089;0.001966;1.34
958;2.7500;0.1000;0.2600;-0.0500;0.125788;0.001966;1.34
959;2.7500;0.1000;0.2800;-0.0500;0.125138;0.001955;1.34
960;2.7500;0.1100;0.1000;-0.0500;0.129480;0.002025;1.34
961;2.7500;0.1100;0.1200;-0.0500;0.129695;0.002030;1.34
962;2.7500;0.1100;0.1400;-0.0500;0.129396;0.002026;1.34
963;2.7500;0.1100;0.1600;-0.0500;0.129570;0.002038;1.34
964;2.7500;0.1100;0.1800;-0.0500;0.129469;0.002036;1.34
965;2.7500;0.1100;0.2000;-0.0500;0.129809;0.002030;1.34
966;2.7500;0.1100;0.2200;-0.0500;0.128768;0.002032;1.34
967;2.7500;0.1100;0.2400;-0.0500;0.130295;0.002044;1.34
968;2.7500;0.1100;0.2600;-0.0500;0.129486;0.002034;1.34
969;2.7500;0.1100;0.2800;-0.0500;0.130614;0.002048;1.34
970;2.7500;0.1200;0.1000;-0.0500;0.132460;0.002092;1.34
971;2.7500;0.1200;0.1200;-0.0500;0.135259;0.002127;1.34
972;2.7500;0.1200;0.1400;-0.0500;0.133482;0.002093;1.34
973;2.7500;0.1200;0.1600;-0.0500;0.133237;0.002110;1.34
974;2.7500;0.1200;0.1800;-0.0500;0.133291;0.002112;1.34
975;2.7500;0.1200;0.2000;-0.0500;0.134743;0.002113;1.34
976;2.7500;0.1200;0.2200;-0.0500;0.133553;0.002105;1.34
977;2.7500;0.1200;0.2400;-0.0500;0.134515;0.002125;1.34
978;2.7500;0.1200;0.2600;-0.0500;0.133449;0.002112;1.34
979;2.7500;0.1200;0.2800;-0.0500;0.133561;0.002111;1.34
980;2.7500;0.1300;0.1000;-0.0500;0.136457;0.002156;1.34
981;2.7500;0.1300;0.1200;-0.0500;0.136670;0.002160;1.34
982;2.7500;0.1300;0.1400;-0.0500;0.136716;0.002160;1.34
983;2.7500;0.1300;0.1600;-0.0500;0.136937;0.002179;1.34
984;2.7500;0.1300;0.1800;-0.0500;0.136325;0.002168;1.34
985;2.7500;0.1300;0.2000;-0.0500;0.137170;0.002174;1.34
986;2.7500;0.1300;0.2200;-0.0500;0.138486;0.002201;1.34
987;2.7500;0.1300;0.2400;-0.0500;0.139584;0.002207;1.34
988;2.7500;0.1300;0.2600;-0.0500;0.134825;0.002142;1.34
989;2.7500;0.1300;0.2800;-0.0500;0.136356;0.002157;1.34
990;2.7500;0.1400;0.1000;-0.0500;0.141935;0.002253;1.34
991;2.7500;0.1400;0.1200;-0.0500;0.141405;0.002253;1.34
992;2.7500;0.1400;0.1400;-0.0500;0.142276;0.002260;1.34
993;2.7500;0.1400;0.1600;-0.0500;0.141026;0.002242;1.34
994;2.7500;0.1400;0.1800;-0.0500;0.141764;0.002254;1.34
995;2.7500;0.1400;0.2000;-0.0500;0.138809;0.002216;1.34
996;2.7500;0.1400;0.2200;-0.0500;0.141854;0.002262;1.34
997;2.7500;0.1400;0.2400;-0.0500;0.139581;0.002229;1.34
998;2.7500;0.1400;0.2600;-0.0500;0.139304;0.002222;1.34
999;2.7500;0.1400;0.2800;-0.0500;0.140774;0.002234;1.34